,Date,Open,High,Low,Close,Volume,SMA20,SMA50,EMA20,RSI (14),Daily Return
0,2024-06-20 00:00:00-04:00,442.9042790324355,443.1325399619797,437.912551396736,442.3088684082031,19877400,,,442.3088684082031,,
1,2024-06-21 00:00:00-04:00,443.9760548608899,447.1516890658263,443.112679216781,446.3577880859375,34486200,,,442.6944798060826,100.0,0.009154054930677225
2,2024-06-24 00:00:00-04:00,446.37762314479846,449.30518978099155,443.0134321712583,444.26385498046875,15913700,,,442.8439441084051,62.62833675564682,-0.0046911539607003006
3,2024-06-25 00:00:00-04:00,444.8394216277891,447.98531552571586,443.3508346061679,447.5188903808594,16747500,,,443.28917708673407,77.62606786260925,0.0073268067251019975
4,2024-06-26 00:00:00-04:00,445.5837053034348,450.1487114593878,444.7798707523325,448.71966552734375,16507000,,,443.80636646203027,80.8903632339649,0.0026831831511346937
5,2024-06-27 00:00:00-04:00,448.7395034299803,452.6991654227889,448.3326193512516,449.4044189453125,14806300,,,444.33951431758095,82.56418710700872,0.0015260160643149057
6,2024-06-28 00:00:00-04:00,449.62274649126965,451.9151680373726,443.01341660893064,443.54931640625,28362300,,,444.2642573736447,44.289752585340636,-0.01302858247990435
7,2024-07-01 00:00:00-04:00,445.24627786855143,453.88999748693993,442.269104011504,453.2548828125,17662800,,,445.1205074154404,70.47131204748408,0.02188159477932916
8,2024-07-02 00:00:00-04:00,449.75176594132466,456.0931308349297,449.6624240698802,455.7854919433594,13979800,,,446.13622022762314,74.12914079150745,0.005583192209991594
9,2024-07-03 00:00:00-04:00,454.70380374999445,457.5122579984809,454.39616484845857,457.26416015625,9932800,,,447.1960240303495,76.12324603391791,0.003244219570451845
10,2024-07-05 00:00:00-04:00,456.1129790053472,464.78650009669735,455.4778642825478,464.00250244140625,16000300,,,448.79664102187877,83.00939376476336,0.014736213489493055
11,2024-07-08 00:00:00-04:00,463.0002048353039,464.14147919648303,460.92611040198074,462.69256591796875,12962300,,,450.120062440554,77.96568894072577,-0.002823123833481711
12,2024-07-09 00:00:00-04:00,463.4467798855468,463.7742557192127,454.51525736098597,456.0435485839844,17207200,,,450.6842039780236,57.50281438926336,-0.014370270507357064
13,2024-07-10 00:00:00-04:00,457.71075666628917,462.91087784219644,455.36869724486377,462.7024841308594,18196100,,,451.8288020878175,67.3923845245811,0.014601534365634494
14,2024-07-11 00:00:00-04:00,459.457386639418,461.2436790661222,448.1143297880847,451.2403869628906,23111200,,,451.7727625521102,46.08990222534253,-0.02477206749710703
15,2024-07-12 00:00:00-04:00,450.8731546278995,452.8877078833818,447.22116168053736,450.0990905761719,16324300,,,451.6133652210684,44.47474386820356,-0.0025292425494098936
16,2024-07-15 00:00:00-04:00,449.85099950163277,453.7808911637112,447.99523247056425,450.5059814453125,14429400,,,451.50790009956785,45.26380622435122,0.0009040028688345192
17,2024-07-16 00:00:00-04:00,450.764044396858,450.84342238707205,443.26156747821994,446.09979248046875,17175700,,,450.99284223108225,38.43852501151364,-0.009780533769402577
18,2024-07-17 00:00:00-04:00,439.22249954002416,441.46531376189114,435.8384412822571,440.1454162597656,21778000,,,449.95975404333785,31.121274646713005,-0.013347632796677056
19,2024-07-18 00:00:00-04:00,440.95917357547034,441.2668124744543,431.0948010273652,437.0193786621094,20794800,450.4489242553711,,448.7273373403637,27.90356584156727,-0.00710228365938792
20,2024-07-19 00:00:00-04:00,429.80471086507333,437.7835460054657,428.7130742947466,433.7841796875,20940400,450.02268981933594,,447.30417946866237,24.837057116910245,-0.00740287303623377
21,2024-07-22 00:00:00-04:00,438.4286106688719,441.2172281155517,435.5705185548157,439.5698547363281,15808800,449.6832931518555,,446.56757711320193,38.731019035794915,0.013337681086009523
22,2024-07-23 00:00:00-04:00,440.52254806214466,444.9784061601368,439.7286470352855,441.46533203125,13107100,449.54336700439455,,446.0816490101589,42.73269164722533,0.004312118482417082
23,2024-07-24 00:00:00-04:00,437.0987963490377,438.12095826115956,424.3366274271562,425.63665771484375,26805800,448.4492553710937,,444.13450698203366,26.227241423272332,-0.03585485239254482
24,2024-07-25 00:00:00-04:00,425.5374171635106,426.52980855641556,414.3333401430881,415.216552734375,29943800,446.7740997314453,,441.38041610130426,20.277935291636865,-0.0244812207585976
25,2024-07-26 00:00:00-04:00,415.0180872010169,425.6565240052853,414.0951402007918,422.0342712402344,23583800,445.4055923461914,,439.5379261145357,31.93415721391294,0.016419669353164856
26,2024-07-29 00:00:00-04:00,428.29625878283395,428.86192913835873,421.4686315229256,423.4831848144531,15125800,444.40228576660155,,438.0089031335755,34.29008249984767,0.0034331656762396356
27,2024-07-30 00:00:00-04:00,424.4656455012434,425.7855127211385,414.18445497765873,419.7021789550781,32687600,442.72465057373046,,436.2654055927662,31.053709636448744,-0.008928349447999029
28,2024-07-31 00:00:00-04:00,417.3005665174137,418.5708262456948,409.07363367025533,415.16693115234375,42891400,440.6937225341797,,434.25602707463065,27.465928923960718,-0.01080587147301848
29,2024-08-01 00:00:00-04:00,417.58836350695543,424.20759683358074,409.94693801865395,413.93634033203125,30296400,438.52733154296874,,432.32081881343066,26.507112679235192,-0.0029640867997285936
30,2024-08-02 00:00:00-04:00,409.35149283755305,411.84240478431724,401.2635094994672,405.3819274902344,29437900,435.59630279541017,,429.7552101159834,20.708603532213345,-0.020666010708156546
31,2024-08-05 00:00:00-04:00,386.2089818321841,397.98866312927163,382.64626998707365,392.1434631347656,40709200,432.06884765625,,426.17313897491505,14.891684099651286,-0.03265676996858147
32,2024-08-06 00:00:00-04:00,396.9565662320286,402.5834388839359,395.4679791086585,396.56951904296875,24946500,429.0951461791992,,423.35374660044397,23.212397007197737,0.011286828225623324
33,2024-08-07 00:00:00-04:00,405.53083654236127,406.95985229689995,394.44581127033643,395.39849853515625,20650900,425.7299468994141,,420.6913420227975,22.53968091524807,-0.0029528757294269292
34,2024-08-08 00:00:00-04:00,399.3779702821044,402.77193167950935,396.8969919508049,399.6260681152344,20203000,423.14923095703125,,418.68512546017246,30.88354895437145,0.010691921177597097
35,2024-08-09 00:00:00-04:00,400.9558760021183,404.945278327108,399.1993542150353,402.93072509765625,19276700,420.79081268310546,,417.184706378028,37.00401568019905,0.008269372911551276
36,2024-08-12 00:00:00-04:00,403.9628500529108,405.64992758545134,401.1642989727411,403.7147521972656,16762900,418.4512512207031,,415.9018535989078,38.494976709922526,0.0019458111550549884
37,2024-08-13 00:00:00-04:00,406.47357171655057,411.79280513110314,406.4537347921751,410.8599548339844,19414300,416.6892593383789,,415.4216727641532,50.75173775037732,0.017698641424000794
38,2024-08-14 00:00:00-04:00,411.64393908583247,414.54173528870035,409.3118435327495,413.6882629394531,18267000,415.3664016723633,,415.25658611418174,54.86024800740044,0.0068838738655159215
39,2024-08-15 00:00:00-04:00,417.35676799168647,418.6591414148161,415.22923848625584,418.5796203613281,20752100,414.44441375732424,,415.57306556629095,61.302363328301716,0.011823776162078081
40,2024-08-16 00:00:00-04:00,418.15215435686315,418.8878379189571,414.87134183677813,416.0345458984375,22775600,413.5569320678711,,415.6170160741144,56.46439514646683,-0.006080263680046438
41,2024-08-19 00:00:00-04:00,416.52167114516885,419.2954420190991,414.03622098500824,419.07672119140625,15234000,412.532275390625,,415.94651179957077,60.737960004972706,0.007312314140642151
42,2024-08-20 00:00:00-04:00,419.24576369099765,423.3815262412174,419.18611531171354,422.32769775390625,16387600,411.5753936767578,,416.5542437952218,64.97707886128552,0.007757473508090973
43,2024-08-21 00:00:00-04:00,421.6118605911061,423.91836557959886,419.26561024554667,421.6715393066406,16067300,411.3771377563477,,417.0416052724998,63.38332753168172,-0.0015536713569943572
44,2024-08-22 00:00:00-04:00,421.8902239006129,424.30610443723026,412.1969685866766,413.1315002441406,19361900,411.27288513183595,,416.669214317418,46.321026737462134,-0.020252823030319944
45,2024-08-23 00:00:00-04:00,414.5532154876874,416.8199448280934,409.69166039420327,414.36431884765625,18493800,410.889387512207,,416.44970046315495,48.624615101707576,0.0029840827987870355
46,2024-08-26 00:00:00-04:00,413.94677020088477,414.8514777475828,408.94604542911463,411.0835266113281,13152800,410.26940460205077,,415.9386362867905,42.96320283428046,-0.007917651417120086
47,2024-08-27 00:00:00-04:00,410.4571806188663,411.9484507655821,407.86238512676584,411.4314880371094,13492900,409.85587005615236,,415.50938407253517,43.76447424002087,0.0008464494518902743
48,2024-08-28 00:00:00-04:00,412.46541647118636,412.5847132206145,404.9394663484376,408.2103271484375,14882700,409.508039855957,,414.8142357940497,38.05420723585945,-0.007829154992583742
49,2024-08-29 00:00:00-04:00,412.52511339470357,419.5937196899045,408.21037518945246,410.7156982421875,17045200,409.34700775146484,428.9182824707031,414.42389888434855,44.54747856099387,0.006137451522236992
50,2024-08-30 00:00:00-04:00,413.18123450252676,415.0602190186727,409.7314285183125,414.7122802734375,24308300,409.813525390625,428.3663507080078,414.4513637785475,53.51598187414878,0.009730774957847688
51,2024-09-03 00:00:00-04:00,415.47780496274754,417.43634095322227,404.66112073149435,407.0570983886719,20313600,410.5592071533203,427.5803369140625,413.7471480271308,39.42395281586895,-0.018459019057063486
52,2024-09-04 00:00:00-04:00,403.5476443909062,408.8466109265116,402.01659855552833,406.5202331542969,15135800,411.0567428588867,426.8254644775391,413.0588704201942,38.601424165547186,-0.001318894171112972
53,2024-09-05 00:00:00-04:00,405.24767603841406,410.69579375461194,403.7663574401279,406.0132141113281,14195500,411.5874786376953,425.99535095214844,412.3878555336355,37.743324147147476,-0.0012472172394339953
54,2024-09-06 00:00:00-04:00,406.6793340354345,408.2600768498661,398.46739620074226,399.3621826171875,19609500,411.574284362793,425.0082012939453,411.14731525587854,28.241041698732616,-0.0163813178068557
55,2024-09-09 00:00:00-04:00,404.8698768958274,406.27167441765806,399.8095040440946,403.3587341308594,15295100,411.59568481445314,424.08728759765626,410.40554562492434,38.90540425931454,0.010007335916187188
56,2024-09-10 00:00:00-04:00,405.8243177579556,413.9069762623546,405.327227721672,411.7893981933594,19594300,411.9994171142578,423.45208923339845,410.5373411076324,55.13453407090719,0.02090115658624825
57,2024-09-11 00:00:00-04:00,413.08181573237965,421.52239474938517,407.19625641616165,420.57794189453125,19266900,412.48531646728514,422.7985504150391,411.4935888016228,65.9985978120308,0.021342326295261005
58,2024-09-12 00:00:00-04:00,420.84636566939764,424.8827343519594,417.30708702498356,424.514892578125,17418800,413.0266479492187,422.1731384277344,412.7337129708135,69.78087205278906,0.009360811139688785
59,2024-09-13 00:00:00-04:00,423.35167762504557,429.3167579290349,422.98383586069434,428.083984375,15874600,413.50186614990236,421.5895349121094,414.19564358073603,72.93064822860323,0.008407459571558196
60,2024-09-16 00:00:00-04:00,428.09393683099876,431.0068771042965,425.72778345078893,428.8296203613281,13834700,414.14161987304686,420.8860772705078,415.5893556550782,73.59410958396487,0.0017417983702818773
61,2024-09-17 00:00:00-04:00,437.6679140298658,439.27848092894993,429.75421863095636,432.6174621582031,18874200,414.8186569213867,420.2845751953125,417.2110800839472,76.91116464914208,0.0088329761215733
62,2024-09-18 00:00:00-04:00,432.46835149823806,433.4923558065776,427.9050683956392,428.302734375,18898000,415.1174087524414,419.7297589111328,418.2674281116665,66.01219346567748,-0.009973540507769107
63,2024-09-19 00:00:00-04:00,438.66206659768085,438.93048428402824,434.3572500672092,436.1368408203125,21706600,415.840673828125,419.19844604492187,419.96927694106137,73.79262400356666,0.018291049336270016
64,2024-09-20 00:00:00-04:00,434.6754186759471,436.6836515284863,431.6928784161533,432.73675537109375,55167100,416.82093658447263,418.82837341308596,421.18522726773114,66.20321680729114,-0.007795914334646992
65,2024-09-23 00:00:00-04:00,431.75253779309,433.9198431554934,427.88519293448667,430.9870300292969,15128900,417.6520721435547,418.4461322021484,422.11873229264216,62.39292527286204,-0.0040433943271039885
66,2024-09-24 00:00:00-04:00,430.47996802683457,430.82793711748263,423.62013164821116,426.6722717285156,17015800,418.43150939941404,417.9694580078125,422.55240271510627,53.613123315291105,-0.010011341409712382
67,2024-09-25 00:00:00-04:00,427.3284243659067,430.599285430914,426.0757780554542,429.59515380859375,13396400,419.3396926879883,417.639365234375,423.223140914486,58.20963401105672,0.006850414882216382
68,2024-09-26 00:00:00-04:00,432.5578041483432,432.766573468399,426.6324994108163,428.7998046875,14492000,420.3691665649414,417.4124530029297,423.7542517500112,56.45326162828971,-0.0018513922097177504
69,2024-09-27 00:00:00-04:00,429.0085608111411,429.3366572153901,424.982143776937,425.5289306640625,14896100,421.10982818603514,417.1826440429688,423.92326878944465,49.38274885909305,-0.007627974611185362
70,2024-09-30 00:00:00-04:00,425.71782167728367,427.91498138591425,422.89435403602215,427.795654296875,16807300,421.76399688720704,417.06287353515626,424.2920674091999,53.990529242453604,0.005326837893901093
71,2024-10-01 00:00:00-04:00,425.95645456288486,425.9862787507864,416.3725443176016,418.2416076660156,19092900,422.3232223510742,416.63630859375,423.71583314794424,37.42271548913538,-0.022333201693136462
72,2024-10-02 00:00:00-04:00,420.12062555956777,420.3592494217051,414.2847930567838,414.7023620605469,16582300,422.7323287963867,416.1010491943359,422.8574073300969,33.083331277953945,-0.008462203522072831
73,2024-10-03 00:00:00-04:00,415.19943635003835,417.1082451347957,411.8788784861643,414.11578369140625,13686400,423.1374572753906,415.87063171386717,422.0248717454597,32.3656358183528,-0.001414456301203737
74,2024-10-04 00:00:00-04:00,415.8058857128688,417.30710741019845,412.554927626964,413.6385803222656,19169700,423.85127716064454,415.839072265625,421.2261773242031,31.719705782825883,-0.0011523428662555402
75,2024-10-07 00:00:00-04:00,413.5789505765619,414.68247600169315,406.61968938897553,407.15655517578125,20919800,424.0411682128906,415.54151794433596,419.88621331006766,24.162008584032748,-0.015670746044612716
76,2024-10-08 00:00:00-04:00,408.50859351504334,413.24090045920747,405.79450128292336,412.2964172363281,19229300,424.06651916503904,415.3177825927734,419.1633755887591,37.735446856002746,0.01262379788611745
77,2024-10-09 00:00:00-04:00,413.4397013585542,417.93341460570645,411.88878290651843,415.0303955078125,14974300,423.7891418457031,415.22434692382814,418.76975843819275,43.89815621283369,0.006631098785215173
78,2024-10-10 00:00:00-04:00,412.81339505205864,414.9210519137125,410.74548354781774,413.4198303222656,13848400,423.23438873291013,415.18940490722656,418.2602414747711,41.1310145828493,-0.0038805957418522885
79,2024-10-11 00:00:00-04:00,413.7181190735733,414.702347658303,410.84492403738636,413.8970642089844,14144900,422.52504272460936,415.1886193847656,417.8447007827914,42.37298739344264,0.0011543565444036563
80,2024-10-14 00:00:00-04:00,415.3385704638852,421.5720985232806,415.0900254622179,416.70062255859375,16653100,421.91859283447263,415.4149932861328,417.73574095191543,49.58289463238743,0.006773564231404627
81,2024-10-15 00:00:00-04:00,419.7229298265709,420.02120204810905,412.84322081195853,416.3029479980469,18900200,421.10286712646484,415.89818298339844,417.5992844801184,48.587951457739024,-0.0009543411720988049
82,2024-10-16 00:00:00-04:00,412.7537587941709,413.93680518127485,408.09105177334885,413.6982116699219,15508900,420.3726409912109,416.2407568359375,417.2277537362902,42.189758883847105,-0.006256828928670521
83,2024-10-17 00:00:00-04:00,419.9018988417956,420.04109862109203,413.1713103850963,414.29473876953125,14820000,419.28053588867186,416.618681640625,416.9484189775513,44.133742562678,0.0014419378251635528
84,2024-10-18 00:00:00-04:00,414.7122656673259,417.20763687167505,413.8373824004759,415.726318359375,17145300,418.4300140380859,416.9406866455078,416.83202844248683,48.8926215845585,0.0034554616698623253
85,2024-10-21 00:00:00-04:00,413.6982202013397,416.5216880571269,411.3420182082338,416.3427429199219,14206100,417.6977996826172,417.2089270019531,416.78542982129017,50.96776959492945,0.00148276530333602
86,2024-10-22 00:00:00-04:00,416.0544182638452,428.07405197206367,415.6070554250592,425.0219421386719,25482200,417.615283203125,417.63507080078125,417.5698595658027,70.45627018902991,0.020846284380701574
87,2024-10-23 00:00:00-04:00,428.35242251551375,428.5711433507003,420.0709156477079,422.1288757324219,19654400,417.2419692993164,417.86044921875,418.0040515816712,61.1137813885399,-0.006806863644950534
88,2024-10-24 00:00:00-04:00,422.8545708930616,423.50081217243513,419.9416307412936,422.2580871582031,13581600,416.9148834228516,418.031845703125,418.40919782705515,61.37770089057782,0.0003060947336450681
89,2024-10-25 00:00:00-04:00,424.2763085648032,430.0027653012564,424.0874119188817,425.658203125,16899100,416.9213470458984,418.1734173583984,419.0995792840023,67.97675671387883,0.008052222255066077
90,2024-10-28 00:00:00-04:00,429.1478003666399,429.4261695906152,423.81897907057987,424.1072998046875,14882400,416.73692932128904,418.3348724365234,419.57650504787705,62.36826307690945,-0.0036435414821714973
91,2024-10-29 00:00:00-04:00,425.5090727531412,430.64899709836675,423.32186444879665,429.43609619140625,17644100,417.2966537475586,418.54205993652346,420.5155137282132,71.64359193135971,0.012564736304168322
92,2024-10-30 00:00:00-04:00,434.8941538571239,435.9479823564893,429.5852356603292,430.0127258300781,29749100,418.06217193603516,418.69576049804687,421.420010118867,72.49019210251771,0.0013427600608935109
93,2024-10-31 00:00:00-04:00,412.9426186903331,413.7379809491165,403.93534969689097,403.9850769042969,53971000,417.5556365966797,418.34203125,419.759540288908,28.37258591180027,-0.06052762479421647
94,2024-11-01 00:00:00-04:00,406.62958864176215,413.0818074048316,405.12836706972047,407.9816589355469,24230400,417.2727905273438,418.2390344238281,418.6378373028736,35.344323718763064,0.009892895207603836
95,2024-11-04 00:00:00-05:00,407.41496126180874,408.03137836159885,403.20959918238225,406.082763671875,19672300,417.21910095214844,418.0734033203125,417.44211600468327,33.553864215149616,-0.004654364288400159
96,2024-11-05 00:00:00-05:00,405.99332524640585,412.4853201284023,405.7050045203228,409.0653381347656,17626000,417.0575469970703,418.03303955078127,416.6443276361197,39.14121920223396,0.007344745282763743
97,2024-11-06 00:00:00-05:00,410.01974169679755,418.00300613139274,408.1307753660983,417.73455810546875,26681800,417.1927551269531,418.15910095214844,416.74815910939105,52.52883065835974,0.02119275128572995
98,2024-11-07 00:00:00-05:00,418.8281991036067,424.36578964518526,417.4363530057155,422.95404052734375,19901800,417.66946563720705,418.45397521972654,417.3391954349103,58.82163556742532,0.012494734564328702
99,2024-11-08 00:00:00-05:00,422.8446603519728,424.0177855133015,419.32525452801985,420.0808410644531,16891400,417.9786544799805,418.6412780761719,417.60030454248584,54.25360323480858,-0.006793171804927778
100,2024-11-11 00:00:00-05:00,420.0609408352946,422.3376216288976,413.5788978774876,415.57720947265625,24503300,417.92248382568357,418.65857666015626,417.40762882154974,47.57189494455128,-0.010720868822260532
101,2024-11-12 00:00:00-05:00,415.81581365023004,421.969790701444,414.77193671429194,420.5679931640625,19401200,418.1357360839844,418.92879455566407,417.708615901789,54.70477814421007,0.012009281494861801
102,2024-11-13 00:00:00-05:00,419.18612400128455,426.8313412777235,415.7760631016859,422.72540283203125,21502200,418.5870956420898,419.2528979492188,418.18640513324067,57.583176349716744,0.005129752389709585
103,2024-11-14 00:00:00-05:00,422.526533184943,425.6780973820496,417.5556327945319,424.4055480957031,30246900,419.09263610839844,419.62074462890627,418.778704462999,59.874473156824855,0.003974554763957361
104,2024-11-15 00:00:00-05:00,417.3767027455775,420.3393400677491,411.23267692258383,412.5847473144531,28247600,418.93555755615233,419.88519592285155,418.18880378218506,41.62222187472787,-0.027852606626585397
105,2024-11-18 00:00:00-05:00,412.4554971706168,415.9649517435253,409.7016291897124,413.34033203125,24742000,418.7854370117187,420.0848278808594,417.72704456781025,42.90588265074502,0.0018313442794843926
106,2024-11-19 00:00:00-05:00,410.7057344914447,415.5076414577029,409.15481593264525,415.3585205078125,18133500,418.3022659301758,420.1562103271484,417.5014708478104,46.52950850349578,0.004882631381855962
107,2024-11-20 00:00:00-05:00,414.4438422518667,414.86141123218795,408.19044109637775,413.0718688964844,19191700,417.8494155883789,420.0060888671875,417.07960399530316,42.964595774713274,-0.005505247872446439
108,2024-11-21 00:00:00-05:00,417.8933391524707,418.1722655525636,408.7186214344056,411.2887268066406,20780200,417.30094757080076,419.7415655517578,416.5280918820972,40.19374721098039,-0.00431678413397496
109,2024-11-22 00:00:00-05:00,409.7944811664486,415.80138553605957,409.4856708735379,415.4029235839844,24814600,416.78818359375,419.4879443359375,416.42093299656267,48.95734318850931,0.010003183917262959
110,2024-11-25 00:00:00-05:00,416.7776323033626,419.46727321033643,413.2611532266888,417.1860656738281,27691100,416.442121887207,419.2550732421875,416.4938027753498,52.44235978475852,0.004292560279690161
111,2024-11-26 00:00:00-05:00,417.98300734363517,427.396826920373,417.24585120009374,426.350830078125,23458900,416.287858581543,419.12974060058593,417.432567280376,66.14889507185495,0.021968050130088068
112,2024-11-27 00:00:00-05:00,423.48187093647766,425.5937771564677,420.4037088714897,421.3699951171875,18332400,415.85572204589846,418.9910858154297,417.8075604076914,56.02361048476352,-0.011682479801962131
113,2024-11-29 00:00:00-05:00,418.48107704362025,423.2527401453399,416.1998390930093,421.8381652832031,16271900,416.7483764648438,418.7051123046875,418.19142753869255,56.74174065755262,0.0011110666906537503
114,2024-12-02 00:00:00-05:00,419.9554423160969,431.3416594246016,419.69642835819553,429.32940673828125,20207200,417.81576385498045,418.63696533203125,419.25218746246287,66.76266467878587,0.017758567317039287
115,2024-12-03 00:00:00-05:00,428.19374634076934,430.8136785324232,426.10178307894205,429.5485534667969,18302000,418.9890533447266,418.60819580078123,420.2327937485899,67.02054093730018,0.0005104395950432661
116,2024-12-04 00:00:00-05:00,431.3715193088951,437.98610309109085,430.973057365549,435.7447204589844,26009400,420.3230224609375,418.7896447753906,421.71012010196085,73.68205765241184,0.014424834962612598
117,2024-12-05 00:00:00-05:00,436.24279326556575,442.95696954495514,434.4994957116604,440.9247741699219,21697800,421.48253326416017,419.0162371826172,423.5400871560524,77.97375522866193,0.011887817494337538
118,2024-12-06 00:00:00-05:00,440.605999369761,444.3914637865622,440.0780304611881,441.87115478515625,18821000,422.42838897705076,419.2776641845703,425.2859031207289,78.70576797185906,0.0021463539149415567
119,2024-12-09 00:00:00-05:00,440.90485264962797,446.61288735234007,438.8128895478079,444.3117370605469,19144400,423.63993377685546,419.6533203125,427.0978873054735,80.62205846602879,0.005523289422631139
120,2024-12-10 00:00:00-05:00,442.68804835999237,447.89799856218906,439.9087252497819,441.632080078125,18469500,424.9426773071289,419.930048828125,428.4820961409641,72.37120583223576,-0.0060310290251385235
121,2024-12-11 00:00:00-05:00,442.34933339299914,448.6252234428676,442.34933339299914,447.2704162597656,19200200,426.2777984619141,420.510625,430.2714599618023,77.8697826460414,0.012767043962574443
122,2024-12-12 00:00:00-05:00,447.389907127457,454.4129240722559,447.389907127457,447.83819580078125,20834800,427.53343811035154,421.1733416748047,431.9444824226574,78.36995813439444,0.0012694323621122994
123,2024-12-13 00:00:00-05:00,446.722508676707,449.7010474581427,443.8734464678006,445.5569763183594,20177800,428.59100952148435,421.80216552734373,433.2409104127243,70.93726187132535,-0.0050938475186173005
124,2024-12-16 00:00:00-05:00,445.5569810702514,450.4481798147897,443.57461233779367,449.8604431152344,23598800,430.4547943115234,422.52660278320315,434.8237230510586,75.91035376786404,0.00965862285994179
125,2024-12-17 00:00:00-05:00,449.2826833242326,453.5462901057899,447.84819595840975,452.7194519042969,22733500,432.42375030517576,423.43786071777345,436.52807817993846,78.7037812167093,0.006355323818347358
126,2024-12-18 00:00:00-05:00,449.59148560028365,450.9163784238889,435.34623528561843,435.71484375,24444500,433.44156646728516,423.9062292480469,436.45062728184905,43.82649172091562,-0.037561028320673095
127,2024-12-19 00:00:00-05:00,439.92861811038824,441.4826409757379,434.64892893973837,435.356201171875,22963700,434.5557830810547,424.3127453613281,436.3463962237563,43.35889819256567,-0.000823113059537528
128,2024-12-20 00:00:00-05:00,431.45120224609855,442.04049490082355,426.988379811487,434.9278564453125,64263700,435.7377395629883,424.74290588378904,436.21129719723785,42.73062217169729,-0.0009838948553150262
129,2024-12-23 00:00:00-05:00,435.06732205874545,435.97384050264867,431.1722932989543,433.5830383300781,19152500,436.646745300293,425.1366253662109,435.96098682893694,40.59948779726253,-0.003092048704871786
130,2024-12-24 00:00:00-05:00,432.9853009034494,437.9163547514511,432.52707119819956,437.6473693847656,7164500,437.66981048583983,425.55556030273436,436.12159469139687,49.399786249499606,0.009373823916961843
131,2024-12-26 00:00:00-05:00,437.3983540840164,439.2512462781778,434.9577555797017,436.43206787109375,8194200,438.17387237548826,425.9581427001953,436.1511635656537,46.99749956718329,-0.0027768966494196023
132,2024-12-27 00:00:00-05:00,432.9355230391817,433.5531436249425,424.71711987555517,428.881103515625,18117700,438.54942779541017,426.26180053710937,435.4587768942224,34.84830035596191,-0.017301580042690667
133,2024-12-30 00:00:00-05:00,424.42821148968693,425.91249514442245,420.2841404099869,423.2029113769531,13158700,438.61766510009767,426.4399639892578,434.29155160686344,28.463866820804284,-0.013239548425254877
134,2024-12-31 00:00:00-05:00,424.4680695178944,425.09566152109494,419.0489019483089,419.88568115234375,13246500,438.1454788208008,426.52315124511716,432.91956394452825,25.335076718944393,-0.007838391786616716
135,2025-01-02 00:00:00-05:00,423.90026204092493,424.43820240788705,413.2611726539346,416.97686767578125,16896500,437.51689453125,426.53583374023435,431.4012119189333,22.799398782365387,-0.0069276319892106475
136,2025-01-03 00:00:00-05:00,419.4672816518615,422.40599553232005,417.93320162542307,421.7286071777344,16662900,436.8160888671875,426.46996704101565,430.48001146739057,35.05185778495607,0.011395690913117651
137,2025-01-06 00:00:00-05:00,426.3607841744266,432.6565862275622,423.85044657634234,426.21136474609375,20573600,436.0804183959961,426.5516168212891,430.0734736844099,44.61940714364923,0.01062948420397336
138,2025-01-07 00:00:00-05:00,427.356962317073,429.00063686122985,419.18835553907815,420.7523498535156,18139100,435.02447814941405,426.5215020751953,429.18574760527713,36.96748099132079,-0.012808233998711449
139,2025-01-08 00:00:00-05:00,421.8381972488523,425.33476415419165,419.9255676122581,422.9339904785156,15054600,433.9555908203125,426.46701782226563,428.59034216463317,41.58676902260475,0.00518509433342329
140,2025-01-10 00:00:00-05:00,423.0036976315441,423.0833778600729,413.4304875422897,417.345458984375,20201100,432.741259765625,426.3317810058594,427.5194009093705,34.18257833953169,-0.013213720391254569
141,2025-01-13 00:00:00-05:00,413.6496498082875,416.8971739621178,410.71096634455273,415.5921936035156,17604800,431.1573486328125,426.0549029541016,426.383476404051,32.11291366212332,-0.0042009930696885744
142,2025-01-14 00:00:00-05:00,416.2098216251219,418.13242259689986,409.1469793562449,414.0780334472656,16935900,429.4693405151367,425.7362091064453,425.2115294557857,30.28563843543928,-0.003643379686998016
143,2025-01-15 00:00:00-05:00,417.52478252697114,426.51022596326726,416.6680604251186,424.6772766113281,19637800,428.4253555297852,426.1500531005859,425.160648232504,52.237184820571116,0.025597211897047778
144,2025-01-16 00:00:00-05:00,427.0581034768278,427.8450559110229,422.76461308505725,422.953857421875,15300000,427.0800262451172,426.4494970703125,424.95047767911075,49.323384985228465,-0.004058185554934757
145,2025-01-17 00:00:00-05:00,432.4274897834489,432.816010728012,426.53017961505896,427.3868713378906,26197500,425.8133972167969,426.8755792236328,425.1825151704231,56.521383376089,0.010481081655188573
146,2025-01-21 00:00:00-05:00,428.55235740588927,429.2496581837696,423.96996920550396,426.8588562011719,26085700,425.37059783935547,427.23144958496096,425.342166697161,55.439162290726365,-0.001235450062061716
147,2025-01-22 00:00:00-05:00,435.8841949618168,445.55699830786784,434.3301720077898,444.4911193847656,27803800,425.82734375,427.7665808105469,427.16587647693285,74.3572541543257,0.04130701033243622
148,2025-01-23 00:00:00-05:00,440.30716256200645,445.03897030447143,439.8090775364838,444.9991149902344,18389300,426.3309066772461,428.20748229980467,428.8642801448663,74.71411746643003,0.0011428700896698452
149,2025-01-24 00:00:00-05:00,443.4550766157881,444.9393603072831,439.70946738545626,442.3592834472656,15549500,426.7697189331055,428.6530511474609,430.1495185546186,68.95975457715964,-0.005932217512447546
150,2025-01-27 00:00:00-05:00,422.3860783898249,433.5332238334213,421.8780219291722,432.8956604003906,35647800,426.5321334838867,428.9994201660156,430.4110558732636,52.2983477094952,-0.02139352196505484
151,2025-01-28 00:00:00-05:00,432.93552501884864,446.66274757404807,429.72785612913765,445.4872741699219,23491700,426.9848937988281,429.4978057861328,431.84688618723106,65.20480621745811,0.029086948475956387
152,2025-01-29 00:00:00-05:00,444.97921209968376,445.16848684550723,438.7132938317083,440.6358947753906,23581400,427.57263336181643,429.856015625,432.6839346241986,58.20385330265453,-0.010890051581318061
153,2025-01-30 00:00:00-05:00,417.1661258658952,421.24045777086803,411.57762641112805,413.4006042480469,54586300,427.08251800537107,429.6359167480469,430.847426969327,34.32858922062992,-0.06180906015663257
154,2025-01-31 00:00:00-05:00,417.37536767699305,419.078810069406,413.32094799383236,413.4703674316406,34223400,426.7617523193359,429.6536291503906,429.1924689181188,34.40811149035399,0.0001687544306343547
155,2025-02-03 00:00:00-05:00,410.02361028085903,413.819015846871,407.09486781879804,409.3462219238281,25679100,426.3802200317383,429.57374694824216,427.30235015675777,31.78291540284033,-0.009974464514665216
156,2025-02-04 00:00:00-05:00,411.1094311345796,412.3347312724244,408.1707172498281,410.7906494140625,20532100,425.8333221435547,429.4823895263672,425.729807228882,33.823316654635846,0.003528620548751915
157,2025-02-05 00:00:00-05:00,410.7707509847515,412.2450632912695,408.82820710975375,411.7071533203125,16316700,425.1081115722656,429.45509521484377,424.3943163804468,35.24141470764003,0.002231072950558355
158,2025-02-06 00:00:00-05:00,412.41441067873023,416.59833715024297,412.41441067873023,414.2274475097656,16309800,424.7818664550781,429.51386962890626,423.4260431546677,39.36423983728494,0.0061215700750585356
159,2025-02-07 00:00:00-05:00,414.8849302333569,417.0466023053385,406.5370200109021,408.1806945800781,22886800,424.04420166015626,429.36942504882813,421.974105195183,33.466025023041965,-0.014597663592886279
160,2025-02-10 00:00:00-05:00,412.1255190561223,413.8688167120759,409.34622639599064,410.6412353515625,20817900,423.7089904785156,429.2385284423828,420.89478425769533,37.83915019470374,0.00602806748127982
161,2025-02-11 00:00:00-05:00,408.0711332799312,410.9101937368833,407.7324086942097,409.8642272949219,18140600,423.42259216308594,428.90879638671873,419.8442550231455,36.95412780624187,-0.0018921822499764485
162,2025-02-12 00:00:00-05:00,405.65041091349894,409.17686151888216,402.82129152637,407.4734191894531,19121700,423.0923614501953,428.63086486816405,418.66608018184144,34.12078573209662,-0.005833170953337241
163,2025-02-13 00:00:00-05:00,405.4412312140984,409.425911619151,404.80366775695455,408.9676818847656,23891700,422.3068817138672,428.37345520019534,417.7424232011675,37.5725549905109,0.0036671415236970706
164,2025-02-14 00:00:00-05:00,406.22818963820515,407.3438952203064,404.3255012113121,406.86572265625,22758500,421.5024749755859,427.9241815185547,416.70654695879443,34.62771051061067,-0.00513967074079924
165,2025-02-18 00:00:00-05:00,406.4374029097933,409.0274512633779,404.94314775203674,408.0711364746094,21423100,420.53668823242185,427.49463317871096,415.88412691268155,37.85090300456855,0.002962682160811525
166,2025-02-19 00:00:00-05:00,406.31786140389937,413.8987012007662,406.0887313388178,413.18145751953125,24114200,419.85281829833986,427.0433679199219,415.62672982761967,49.92766074474534,0.012523113222539406
167,2025-02-20 00:00:00-05:00,414.52900508229465,418.5416276159257,411.78404435480104,415.3674621582031,23508700,418.3966354370117,426.5322216796875,415.60203766862764,54.30982962482601,0.005290664909783693
168,2025-02-21 00:00:00-05:00,416.57521868274245,417.28390907488637,407.14255413255484,407.4619445800781,27524800,416.51977691650393,425.84403747558594,414.8267907078134,39.781896090090335,-0.01903258752394521
169,2025-02-24 00:00:00-05:00,407.7614192904554,408.6198287275297,398.58825743588903,403.2596740722656,26443700,414.5647964477539,425.0229962158203,413.725160552047,34.17485556432682,-0.010313283396669815
170,2025-02-25 00:00:00-05:00,400.3649855487621,401.18349019975926,395.9730546936776,397.17083740234375,29387400,412.77855529785154,424.1337713623047,412.1485583473134,27.65764636763616,-0.015099046746813394
171,2025-02-26 00:00:00-05:00,397.28064827533655,402.860400830509,393.5275288045757,398.99749755859375,19619000,410.45406646728514,423.16831298828123,410.89607636743534,32.13742589811571,0.004599179960434796
172,2025-02-27 00:00:00-05:00,400.53467393026557,404.9964840093174,391.45137377356565,391.8106994628906,21127400,408.01280670166017,422.0477630615234,409.07842142414535,25.085441401209394,-0.018012138270736222
173,2025-02-28 00:00:00-05:00,391.94046026830176,396.9013540385077,385.86162375466716,396.26251220703125,32845700,407.15590209960936,421.0618737792969,407.8578586415631,35.24192844851302,0.011362152055171881
174,2025-03-03 00:00:00-05:00,398.0891633417286,398.0891633417286,385.4523593369203,387.778076171875,23007700,405.8712875366211,419.8202264404297,405.94549840635466,27.148146840558994,-0.021411149866034984
175,2025-03-04 00:00:00-05:00,382.6974135187692,391.86058386063223,380.30181761040467,387.8978576660156,29342900,404.79886932373046,418.52379455566404,404.2266754787033,27.419681541946233,0.0003088918675422381
176,2025-03-05 00:00:00-05:00,388.62653647287385,400.9339589862258,388.09750890861034,400.2851257324219,23433100,404.2735931396484,417.8152001953125,403.85128978858125,49.76280320160244,0.03193435545362511
177,2025-03-06 00:00:00-05:00,393.557486671848,401.4130601425524,391.9604125552081,396.1627197265625,23304600,403.4963714599609,417.03133056640627,403.11904502077,44.5022644527462,-0.01029867397225015
178,2025-03-07 00:00:00-05:00,391.601087821307,394.07652376953155,384.83351327034705,392.5892639160156,22034100,402.4144622802734,416.1845587158203,402.1162087250791,40.246841327923704,-0.00902017184507753
179,2025-03-10 00:00:00-04:00,385.1329632711281,385.69193466137494,376.5287638766263,379.46337890625,32840100,400.97859649658204,415.10216552734374,399.9587963613811,28.639853722971438,-0.03343414152194846
180,2025-03-11 00:00:00-04:00,378.30548307291184,385.29265558349334,376.2193166501511,379.7528381347656,30380200,399.4341766357422,413.94427490234375,398.0344193874177,29.159699862797126,0.0007628120251021997
181,2025-03-12 00:00:00-04:00,382.2482670126177,384.5140963348653,378.2555969008229,382.5676574707031,24253600,398.06934814453126,412.86698669433594,396.56139444296866,34.512585540011,0.007412240418697147
182,2025-03-13 00:00:00-04:00,382.4578672121625,384.6139126915579,376.75833925298997,378.0758972167969,20473000,396.59947204589844,411.8508825683594,394.80087089761895,30.297313180188027,-0.011741087272256534
183,2025-03-14 00:00:00-04:00,379.0840519928303,389.51491455417886,378.81455773398244,387.84796142578125,19952800,395.5434860229492,411.14378356933594,394.13868904315825,46.65320208386324,0.025846832027435207
184,2025-03-17 00:00:00-04:00,385.9913968692823,391.99036302361236,384.8634626840814,387.98773193359375,22474300,394.5995864868164,410.5058245849609,393.55288360415216,46.85899552535637,0.00036037448101744474
185,2025-03-18 00:00:00-04:00,386.36071271152235,386.6601507855219,380.4016513456866,382.81719970703125,19486900,393.3368896484375,409.82263122558595,392.5304375187121,40.23402084143996,-0.013326535354080349
186,2025-03-19 00:00:00-04:00,384.8235322758774,388.9659214939022,383.29633715100766,387.1093444824219,19185500,392.03328399658204,409.1302459716797,392.0141429438273,47.36216228657734,0.011211995643548356
187,2025-03-20 00:00:00-04:00,385.0331131975468,391.07204471614995,382.5776297310475,386.131103515625,18470500,390.57146606445315,408.3286407470703,391.4538534744747,45.92183594571401,-0.0025270404363522125
188,2025-03-21 00:00:00-04:00,382.5177544739553,391.0221306945889,382.09851071654674,390.54302978515625,39675900,389.725520324707,407.7244543457031,391.3671083612063,53.3106908152911,0.01142598000876327
189,2025-03-24 00:00:00-04:00,394.67543616141086,394.67543616141086,389.09568331150246,392.35968017578125,21004500,389.18052062988284,407.11296813964844,391.4616390102134,56.156780937985175,0.0046516011094202
190,2025-03-25 00:00:00-04:00,393.19816458592396,395.63366532055824,391.9205113732519,394.4358825683594,15775000,389.0437728881836,406.65477661132815,391.74490030146535,59.4189100407184,0.0052915793785131005
191,2025-03-26 00:00:00-04:00,394.27618318122023,394.5856126855185,387.85797313035886,389.2554016113281,16108400,388.5566680908203,406.1280407714844,391.507805188119,48.936126807987186,-0.013133898780452458
192,2025-03-27 00:00:00-04:00,389.4151007040484,391.5212195564284,386.6900923994873,389.8642578125,13766800,388.45934600830077,405.6437652587891,391.3512768666315,50.12926367063383,0.0015641560750383476
193,2025-03-28 00:00:00-04:00,387.36882809704144,388.4169222438939,376.2392666189567,378.1058349609375,21632000,387.55151214599607,404.71233642578125,390.08980620894636,32.96534668628935,-0.030160299683633873
194,2025-03-31 00:00:00-04:00,371.8573344110368,376.3790320336197,366.5670283067677,374.7021179199219,35184700,386.89771423339846,403.7473016357422,388.6243120861821,29.58229086048472,-0.00900202199039657
195,2025-04-01 00:00:00-04:00,373.96346276032,382.1484487727996,372.54608191207893,381.4896545410156,19689500,386.5773040771484,402.8293572998047,387.94482089140433,43.03391024219697,0.01811448693904727
196,2025-04-02 00:00:00-04:00,377.2773862564683,384.3743428432238,375.92985398533636,381.43975830078125,16092600,385.6350357055664,401.92097534179686,387.32529112086877,42.96429506842284,-0.00013079316736497315
197,2025-04-03 00:00:00-04:00,374.10321411915555,376.788287190408,368.67318036225987,372.42626953125,30198000,384.4482131958008,400.47967834472655,385.9063366837622,32.130444477627734,-0.023630176386656987
198,2025-04-04 00:00:00-04:00,363.4627502923482,373.9035742050073,358.8212773354498,359.18060302734375,49209900,382.7777801513672,398.76330810546875,383.36102871648427,22.50713941123888,-0.03556587595332028
199,2025-04-07 00:00:00-04:00,350.2370336524557,370.32015981776436,344.1581969485817,357.2042236328125,50425000,381.6648223876953,397.06020690917967,380.86990442280126,21.4034769838445,-0.005502466942461259
200,2025-04-08 00:00:00-04:00,367.585185716996,372.9652928837084,349.6081786868937,353.9102783203125,35868900,380.37269439697263,395.4804992675781,378.302320984469,19.55906466835404,-0.009221462386419077
201,2025-04-09 00:00:00-04:00,352.8921435234206,392.50941370351666,352.45294739016697,389.7744140625,50199700,380.7330322265625,394.3662420654297,379.39490127761485,61.37464179979251,0.10133680183689964
202,2025-04-10 00:00:00-04:00,381.3598744812396,383.19649903483815,367.12599611378243,380.65118408203125,38024400,380.8617965698242,393.1665478515625,379.5145472589879,53.24979657758331,-0.023406436264966968
203,2025-04-11 00:00:00-04:00,379.9425037151649,389.3352333779351,378.19571053548395,387.7381896972656,23839200,380.85630798339844,392.6532995605469,380.2977513007286,58.208581777096846,0.018618109995704346
204,2025-04-14 00:00:00-04:00,392.4994245329486,393.92679674338564,383.5059256339463,387.0993347167969,19251200,380.81188812255857,392.12587890625,380.9455211498779,57.573395582647876,-0.0016476452344493797
205,2025-04-15 00:00:00-04:00,387.79806728846995,391.17187833074144,383.4560325474498,385.0231628417969,17199900,380.92218627929685,391.63941772460936,381.3338679776797,55.31016946235896,-0.00536340853315842
206,2025-04-16 00:00:00-04:00,379.97244183574617,380.9106912763521,367.32564600100716,370.92901611328125,21967800,380.11316986083983,390.84218505859377,380.3429297048798,42.28884139349428,-0.0366059709875346
207,2025-04-17 00:00:00-04:00,373.0651098854367,373.6340726815441,366.2176953329466,367.1060485839844,20943700,379.1619171142578,389.9501629638672,379.0822743600326,39.386755721406246,-0.010306466637081124
208,2025-04-21 00:00:00-04:00,362.1551460624454,363.8121077971333,355.01825440362086,358.4619140625,20807300,377.557861328125,388.83485229492186,377.11843052217233,33.40574690071588,-0.02354669598833048
209,2025-04-22 00:00:00-04:00,362.7141283475077,367.09606804173376,359.20055908423666,366.1478271484375,19485000,376.2472686767578,387.99419494628904,376.0736111532452,42.38216419809182,0.021441365970604753
210,2025-04-23 00:00:00-04:00,375.3708716590499,379.6929540391626,372.33643389707953,373.7039489746094,20545500,375.21067199707034,387.25544921875,375.84792904099425,50.02371706857282,0.02063680640963783
211,2025-04-24 00:00:00-04:00,375.01155205300716,387.7381880213899,374.5024768665421,386.59027099609375,22232300,375.0774154663086,386.78997009277344,376.8710092271942,60.367021883276436,0.0344827023017622
212,2025-04-25 00:00:00-04:00,386.29083932956814,391.44138750936105,383.8952433175299,391.1319580078125,18973200,375.1408004760742,386.4631408691406,378.2291948253483,63.44377626020678,0.011748063395430552
213,2025-04-28 00:00:00-04:00,391.241728610284,392.0202980494585,385.9315006090283,390.4432067871094,16579400,375.75766906738284,386.0926513671875,379.39243405980176,62.59350311196252,-0.0017609177838886492
214,2025-04-29 00:00:00-04:00,390.5829324517716,394.3759872470841,389.66463540586307,393.31793212890625,14974000,376.688459777832,385.82169555664063,380.71867197114506,64.86146117690508,0.007362723417452921
215,2025-04-30 00:00:00-04:00,389.58477271143016,395.93313400867555,383.73552563819743,394.53570556640625,36461100,377.34076232910155,385.55098693847657,382.0345799325985,65.87282263087019,0.003096155394971545
216,2025-05-01 00:00:00-04:00,430.3199808366381,436.1892106723326,424.12136912560175,424.6204528808594,58938100,379.49979705810546,385.77976684570314,386.0903773562424,81.25340683693373,0.07625354787917771
217,2025-05-02 00:00:00-04:00,430.948839257634,438.63474141621873,429.20204608174254,434.48236083984375,30757400,382.6026016235352,386.1620648193359,390.699137688014,83.98363479009419,0.02322523065499027
218,2025-05-05 00:00:00-04:00,432.07675654489867,438.6946118778074,431.3181395047298,435.3707275390625,20136100,386.41210784912107,386.7202404785156,394.95357481668526,84.22246807624512,0.002044655386012728
219,2025-05-06 00:00:00-04:00,431.408009380462,436.92787448428356,430.3798980651205,432.5159606933594,15104200,390.1776947021484,387.3053662109375,398.53094490017804,79.80968317556204,-0.00655709413868899
220,2025-05-07 00:00:00-04:00,433.04500054847074,437.3171563878889,430.319992206568,432.555908203125,23295300,394.10997619628904,388.0130676269531,401.7714175956968,79.82674901519673,9.236077600838222e-05
221,2025-05-08 00:00:00-04:00,437.12748451655574,442.85698666150637,434.86165526525525,437.3670654296875,23491300,396.48960876464844,388.780458984375,405.16147929417207,81.94723759408062,0.011122625157401034
222,2025-05-09 00:00:00-04:00,439.19371771814804,439.93235195021686,435.08127232610667,437.9260559082031,15324200,399.35335235595704,389.70276611328126,408.281915162175,82.19809634735842,0.001278080867763709
223,2025-05-12 00:00:00-04:00,445.12281367736733,448.5465208630377,438.9740982732109,448.4367370605469,22821900,402.3882797241211,390.7462506103516,412.10618391440084,86.32181060323569,0.024001040839065624
224,2025-05-13 00:00:00-04:00,446.9594623818115,449.8441812103938,444.54388351816056,448.3169860839844,23618800,405.4491622924805,391.95702880859375,415.55483174007543,86.05974003127723,-0.00026704095955087936
225,2025-05-14 00:00:00-04:00,447.3187935842875,453.0682176126866,447.3187935842875,452.1099853515625,19902800,408.8035034179687,393.2412713623047,419.03627494116944,87.45201007408608,0.008460529904765979
226,2025-05-15 00:00:00-04:00,450.7699890136719,456.19000244140625,450.42999267578125,453.1300048828125,21992300,412.91355285644534,394.2981689453125,422.2832968403735,87.82918760181283,0.0022561313934634786
227,2025-05-16 00:00:00-04:00,452.04998779296875,454.3599853515625,448.7300109863281,454.2699890136719,23849800,417.27174987792966,395.4603143310547,425.32964847592575,88.2833521698955,0.0025157992597604206
228,2025-05-19 00:00:00-04:00,450.8800048828125,459.5899963378906,450.79998779296875,458.8699951171875,21336500,422.2921539306641,396.78592895507813,428.523967203665,90.01768505178833,0.010126150119454946
229,2025-05-20 00:00:00-04:00,455.5899963378906,458.3399963378906,454.32000732421875,458.1700134277344,15441800,426.8932632446289,398.3600616455078,431.3474001773859,87.73739549506413,-0.0015254466339085226
230,2025-05-21 00:00:00-04:00,454.57000732421875,457.7799987792969,451.80999755859375,452.57000732421875,19216900,430.83656616210936,399.8164050292969,433.3686008580367,71.10943098111471,-0.012222550449384473
231,2025-05-22 00:00:00-04:00,454.95001220703125,460.25,453.8999938964844,454.8599853515625,18025600,434.2500518798828,401.2622515869141,435.41539938122963,73.48083182448151,0.005059942086933722
232,2025-05-23 00:00:00-04:00,449.9800109863281,453.69000244140625,448.9100036621094,450.17999267578125,16883500,437.20245361328125,402.70433349609374,436.8215511235679,61.56453660359692,-0.01028886432418119
233,2025-05-27 00:00:00-04:00,456.4800109863281,460.95001220703125,456.1199951171875,460.69000244140625,20974300,440.7147933959961,404.16117431640623,439.09473696336204,72.93689735402317,0.023346239141272207
234,2025-05-28 00:00:00-04:00,461.2200012207031,462.5199890136719,456.92999267578125,457.3599853515625,17086300,443.9168960571289,405.54861938476563,440.83428442890494,65.81738306011019,-0.007228325060662177
235,2025-05-29 00:00:00-04:00,461.54998779296875,461.7200012207031,455.30999755859375,458.67999267578125,13974800,447.12411041259764,407.0658752441406,442.5338756905122,67.2782716642939,0.002886145195242884
236,2025-05-30 00:00:00-04:00,459.7200012207031,461.67999267578125,455.5400085449219,460.3599853515625,34770500,448.9110870361328,408.53088806152346,444.23160042013603,69.21064626512697,0.0036626683147453765
237,2025-06-02 00:00:00-04:00,457.1400146484375,462.1099853515625,456.8900146484375,461.9700012207031,16626500,450.2854690551758,410.047666015625,445.9209719249519,71.09800143871767,0.003497297593992865
238,2025-06-03 00:00:00-04:00,461.4700012207031,464.1400146484375,460.8599853515625,462.9700012207031,15743800,451.6654327392578,411.49620544433594,447.5446890007378,72.31426278617607,0.0021646427199983886
239,2025-06-04 00:00:00-04:00,464.0,465.69000244140625,463.0199890136719,463.8699951171875,14162700,453.2331344604492,412.92641174316407,449.0994800594473,73.47348500824043,0.001943957263130125
240,2025-06-05 00:00:00-04:00,464.9599914550781,469.6499938964844,464.0299987792969,467.67999267578125,20131700,454.98933868408204,414.3912939453125,450.86905268957435,77.9775898606259,0.00821350291827172
241,2025-06-06 00:00:00-04:00,470.0899963378906,473.3399963378906,468.7799987792969,470.3800048828125,15285600,456.6399856567383,416.0137860107422,452.7272386127399,80.66243379408417,0.005773204433192403
242,2025-06-09 00:00:00-04:00,469.70001220703125,473.42999267578125,468.6199951171875,472.75,16469900,458.3811828613281,417.6715008544922,454.63416826866944,82.78774094481604,0.005038469094318598
243,2025-06-10 00:00:00-04:00,471.19000244140625,472.79998779296875,466.9599914550781,470.9200134277344,15375900,459.5053466796875,419.5277844238281,456.18520114096134,75.40421397534232,-0.003870939338478263
244,2025-06-11 00:00:00-04:00,470.0199890136719,475.4700012207031,469.6600036621094,472.6199951171875,16399200,460.72049713134766,421.48614196777345,457.7504196148876,77.55032479005804,0.003609915996305446
245,2025-06-12 00:00:00-04:00,475.0199890136719,480.4200134277344,473.5199890136719,478.8699951171875,18950600,462.0584976196289,423.4337487792969,459.7618077579638,83.61514284868099,0.013224154848654468
246,2025-06-13 00:00:00-04:00,476.4100036621094,479.17999267578125,472.760009765625,474.9599914550781,16814500,463.1499969482422,425.3041534423828,461.20925382435564,69.97035347839065,-0.008165062964850311
247,2025-06-16 00:00:00-04:00,475.2099914550781,480.69000244140625,475.0,479.1400146484375,15626100,464.3934982299805,427.43842834472656,462.91694533141106,75.00225533356132,0.008800790105611966
248,2025-06-17 00:00:00-04:00,475.3999938964844,478.739990234375,474.0799865722656,478.0400085449219,15414100,465.3519989013672,429.8156164550781,464.3572370660312,71.37091052065081,-0.0022957926073503554
249,2025-06-18 00:00:00-04:00,478.0,481.0,474.4599914550781,480.239990234375,17526500,466.4554977416992,432.27633178710937,465.8698802249211,74.24813490826008,0.004602086959519358
